{
  "data": {
    "distance": [
      {
        "distance": 6.5709942056152295,
        "endTime": 1684451245,
        "startTime": 1684447559
      },
      {
        "distance": 0.7770193624007848,
        "endTime": 1684337652,
        "startTime": 1684307530
      }
    ]
  },
  "userId": "ea2496f952dedb3143590a980962da4822e538ee045b024744971d01cf8e76b1695812398df9a1bb781b900a53037f68e62f0758ad061b9da35cd1c9cc6218cf"
}