{
  "data": {
    "distance": [
      {
        "distance": 6.5709942056152295,
        "endTime": 1684451245,
        "startTime": 1684447559
      },
      {
        "distance": 0.7770193624007848,
        "endTime": 1684337652,
        "startTime": 1684307530
      }
    ]
  }
}